
USE hotel;

-- *****************************************************
-- *                     COLLABORATOR  	    	       *
-- *****************************************************
INSERT INTO collaborator (birth_date,ur,cpf,name,email,function_id,rg) VALUES 
('1970-11-10', 'RS','86132473009', 'Anny Quintanilha','annyq@email.com',1,'18262371447'),
('1990-08-27','SP','62876978067','Suéli Simão Pegado','suelisimao@email.com',2,'28262374234'),
('1972-03-22','MG','20924987030','Alisson Sacramento','alissonsacramento@email.com',3,'38262374221'),
('1981-01-15','MG','80814279023','Lívia Veloso','liviaveloso@email.com',4,'48262374545'),
('1964-02-13','RS','38603737061','Gael Milheiro Lemes','gael@email.com',5,'58262374445'),
('1980-09-12','MG','23529091049','Gisela Espinosa','gisela@email.com',6,'58262374445'),
('1980-10-14','SP','03626639045','Nelson Anjos Palmeira','nelson@email.com',5,'84526214552'),
('1979-06-30','RS','67297959057','Ezequiel Pestana Henriques','ezequiel@email.com',7,'68262374445'),
('1973-05-19','PE','14511145214','Tito Carqueijeiro','tito@email.com',8,'88262372211'),
('1989-08-31','RS','32972518080','Fabiano Gomide','fabiano@email.com',9,'98262365884'),
('1979-12-12','SC','92690490005','Cristovão Xavier','cristovao@email.com',8,'18262445243'),
('1986-06-26','SP','70600178013','Alberto Veríssimo','albertoverissimo@email.com',10,'28266674243'),
('1980-07-05','MG','74492596054','Júlia Camarinho','juliacamarinho@email.com',9,'28262574243');


-- *****************************************************
-- *                        ADDRESS 	    	       *
-- *****************************************************
INSERT INTO address (logradouro, number, district, city, cep, state, country) VALUES 
('Rua Flores','10','Centro','Rondonópilis','78720775','PA','Brasil'),
('Rua Neves','10','Centro','Rondonópilis','78753775','MG','Brasil'),
('Rua Alfredo Cuntes','1204','Centro','Rondonópilis','73750775','PR','Brasil'),
('Rua Patrocínio','100','Centro','Rondonópilis','78750725','AM','Brasil'),
('Avenida 1','114','Centro','Rondonópilis','68750775','PR','Brasil'),
('Rua Particular','2250','Centro','Rondonópilis','58750775','ES','Brasil'),
('Avenida 14','252','Centro','Rondonópilis','48750775','ES','Brasil'),
('Rua 102','10','Centro','Rondonópilis','38750775','GO','Brasil'),
('Rua Firmino Teves','2220','Centro','Rondonópilis','28750775','SP','Brasil'),
('Avenida Carlos Drummond','26550','Centro','Rondonópilis','121750775','RJ','Brasil');
INSERT INTO address (logradouro, number, district, city, cep, state, country) VALUES 
('Avenida Japaão','550','Zona Oeste','Jaboatão dos Guararapes','54160580','RO','Brasil'),
('Avenida Jardim Europa','10','Zona Oeste','Jaboatão dos Guararapes','54160580','MG','Brasil'),
('Avenida Castanheiro','11','Zona Oeste','Jaboatão dos Guararapes','54160580','MR','Brasil'),
('Avenida Jalapão','150','Zona Oeste','Jaboatão dos Guararapes','54160580','MS','Brasil'),
('Avenida 15','198','Zona Oeste','Jaboatão dos Guararapes','54160580','AL','Brasil'),
('Avenida Guardalupe','5770','Zona Oeste','Jaboatão dos Guararapes','54160580','SC','Brasil'),
('Avenida Japirapo','2610','Zona Oeste','Jaboatão dos Guararapes','54160580','RJ','Brasil'),
('Avenida Polo Norte','910','Zona Oeste','Jaboatão dos Guararapes','54160580','AL','Brasil'),
('Avenida JP Celso','158','Zona Oeste','Jaboatão dos Guararapes','54160580','RO','Brasil'),
('Avenida Japirandira','1450','Zona Oeste','Jaboatão dos Guararapes','54160580','AM','Brasil'),
('Avenida Japuátu','120','Zona Oeste','Jaboatão dos Guararapes','54160580','MS','Brasil'),
('Avenida Ombre','19','Zona Oeste','Jaboatão dos Guararapes','54160580','SC','Brasil'),
('Avenida Carmelo','1110','Zona Oeste','Jaboatão dos Guararapes','54160580','MG','Brasil');


-- *****************************************************
-- *                      PHONE	    	               *
-- *****************************************************

INSERT INTO phone(ddd, number, type_id) VALUES 
('02','9 99887662',1),
('01','9 99887552',1),
('20','9 99887442',1),
('21','9 99887332',1),
('22','9 99887222',1),
('23','9 99007722',1),
('24','9 90887722',1),
('25','9 98887722',1),
('26','9 97887722',1),
('27','9 96887722',1),
('28','9 95887722',1),
('29','9 94887722',1),
('30','9 93887722',1),
('21','9 92887722',1),
('12','9 91087722',1),
('12','9 99087722',1),
('11','9 99987722',1),
('21','9 99787722',1),
('14','9 99687722',1),
('15','9 99587722',1),
('02','9 99487722',1),
('52','9 99387722',1),
('58','9 99287722',1),
('88','9 99187722',1),
('58','9 99807722',1),
('58','9 99897722',1),
('06','9 99877722',1),
('08','9 99867722',1),
('87','9 99857722',1),
('55','9 99847722',1),
('56','9 99837722',1),
('24','9 99827722',1),
('01','9 99817722',1),
('21','9 99880722',1),
('11','9 99889722',1),
('31','9 99888722',1),
('41','9 99889722',1),
('51','9 99886722',1),
('61','9 99885722',1),
('01','9 99884722',1),
('71','9 99883722',1),
('81','9 99882722',1),
('91','9 99881022',1),
('71','9 99887922',1),
('81','9 99887822',1),
('91','9 99887722',1),
('71','9 99887622',1),
('81','9 99887522',1),
('81','9 99887422',1),
('71','9 99887322',1),
('91','9 99887222',1),
('81','9 99887102',1),
('51','9 99887792',1),
('41','9 99887782',1),
('11','9 99887772',1),
('11','9 99887762',1),
('21','9 99887752',1),
('31','9 99887742',1),
('41','9 99887732',1),
('51','9 99887222',1),
('61','9 99887710',1),
('71','9 99887729',1),
('81','9 99887728',1),
('91','9 99787727',1),
('81','9 99687726',1),
('71','9 99587724',1),
('81','9 99487723',1),
('71','9 99387722',1),
('81','9 99287725',1),
('55','9 99187721',1),
('44','9 99087721',1),
('33','9 99887721',1),
('22','9 98887721',1),
('21','9 97887721',1),
('20','9 96887721',1),
('19','9 95887721',1),
('18','9 94887721',1),
('17','9 93887721',1),
('16','9 92887721',1),
('15','9 91887721',1),
('14','9 92887721',1),
('13','9 90887721',1);


INSERT INTO phone(ddd, number, type_id) VALUES 
('84', '3261 2999', 2),
('74', '3362 2599', 2),
('94', '3463 2888', 2),
('64', '3564 2555', 2),
('54', '3665 2444', 2),
('44', '3646 2555', 2),
('34', '3267 2533', 2),
('24', '3268 2522', 2),
('14', '3269 2577', 2),
('39', '3210 2508', 2),
('38', '3211 2509', 2),
('37', '3212 2507', 2),
('36', '3213 2506', 2),
('35', '3214 2505', 2),
('34', '3215 2504', 2),
('33', '3216 2503', 2),
('32', '3217 2502', 2),
('31', '3218 2501', 2);

-- *****************************************************
-- *                     COSTUMER  	    	           *
-- *****************************************************
INSERT INTO costumer(birth_date, name, cpf,rg,ur,email)
VALUES ('1985-03-04', 'Rayane Vital','28262374243','21.734.186-2','AL','ray@email.com'),
('1975-05-12', 'Magda Mena','71899345249','28.783.166-4','RO','magda@email.com'),
('2019-04-09', 'Maurício Cardim','19716420795','80.753.166-3','SC','mauricio@email.com'),
('2019-04-09', 'Mila Osório','15066534736','80.793.146-2','PE','mila@email.com'),
('2000-03-11', 'Leo Naves','21506565310','21.783.166-2','RE','leo@email.com'),
('2000-03-11', 'Humberto Cabral','90676512319','12.743.166-2','AC','humber@email.com'),
('2003-02-08', 'Poliana Portela','54011966418','13.273.136-2','BA','poli@email.com'),
('2003-02-08', 'Jennifer Dâmaso','80912150359','24.713.169-1','AC','jenni@email.com'),
('2002-08-24', 'Cauã Cambezes','50672260757','28.743.165-2','BH','caua@email.com'),
('1990-08-24', 'Taynara Fiães','93881884204','26.673.486-2','MG','tay@email.com'),
('2007-02-03', 'Felipe Lima','57580851171','68.086.742-5','SC','lipe@email.com'),
('2007-02-03', 'Fedra Tuna','41793671276','21.886.742-5','AL','fe@email.com'),
('2007-02-03', 'Aya Cartaxo','95095472317','36.046.742-5','MT','aya@email.com'),
('1999-03-17', 'Viviana Caneira','56245489702','14.986.742-5','MS','vivi@email.com'),
('1975-05-12', 'Edson Lousada','31467261734','03.999.742-5','RJ','edinho@email.com'),
('2013-09-22', 'Nídia Casalinho','28749240316','21.086.742-5','AL','nidinha@email.com'),
('2010-09-22', 'Ibrahim Mariz','58054652402','12.786.742-5','SP','ibra@email.com'),
('2011-09-22', 'Tainara Horta','88645125273','13.656.742-5','RE','tainara@email.com'),
('2001-09-22', 'Mouhamed Cidreira','46954853366','14.086.742-5','BH','mou@email.com'),
('2014-09-22', 'Alina Onofre','54227992550','21.125.742-5','AL','alina@email.com'),
('1974-11-24', 'George Melo','10101262733','21.088.742-5','BA','george@email.com'),
('2014-09-22', 'Zélia Macedo','39975240284','21.088.742-4','AL','zelia@email.com'),
('1981-10-02', 'Neusa Filipe','56087563784','23.088.712-5','SC','neusa@email.com'),
('1982-09-03', 'Raj Espírito Santo','94988061656','14.098.742-5','AP','raj@email.com'),
('1983-08-04', 'Pérola Quinteiro','85185026407','11.082.342-4','SC','pe@email.com'),
('1984-07-05', 'Stefania Chainho','54013852168','91.007.682-5','AP','stef@email.com'),
('1985-07-06', 'India Adarga','18250369173','26.086.742-5','SP','india@email.com'),
('1983-06-06', 'Tamára Souto','76569245865','22.076.742-5','MS','tam@email.com'),
('1980-05-07', 'Sol Medina','17647009668','31.096.742-5','RO','sol@email.com'),
('1979-04-08', 'Sujana Homem','87673391270','41.146.742-5','AP','suj@email.com'),
('1978-03-29', 'Virgílio Costa','71591322687','50.876.742-5','RO','virg@email.com'),
('1998-07-21', 'Renato Barata','58369917788','60.090.122-4','AP','renato@email.com'),
('1989-06-22', 'Henzo Macedo','54228234557','78.016.742-9','AP','henzo@email.com'),
('1991-08-22', 'Iúri Santana','50031910510','08.088.762-5','AP','irui@email.com'),
('1990-04-26', 'Matteo Gaspar','90301594358','09.086.742-2','AM','mat@email.com'),
('1989-02-07', 'Tamar Valente','27778359919','10.086.7982-4','AC','tamarzin@email.com'),
('1988-01-14', 'Lucília Damásio','87968162863','23.04.742-3','MG','luci@email.com'),
('1990-07-03', 'Rayane Pedroso','71263201846','01.056.422-6','AM','rayane@email.com'),
('1989-02-12', 'Poliana Osório','27688068352','22.086.732-4','MG','poliana@email.com'),
('1988-07-02', 'Edir Tomé','53074741949','12.811.283-6','AM','ed@email.com'),
('1987-07-02', 'Abraão Caldas','63767971977','93.851.283-6','RJ','abraao@email.com'),
('1986-07-02', 'Isaías Correia','64747210887','14.101.283-6','SC','isaias123@email.com'),
('1985-09-02', 'Lídia Fialho','51185945652','45.151.983-6','RJ','lia@email.com'),
('1984-08-02', 'Ayra Lários','66715548277','46.851.883-6','SP','ayra@email.com'),
('1983-06-02', 'Filipe Rebocho','91403295175','79.871.283-6','SP','lipezin@email.com'),
('1982-04-02', 'Nour Félix','86877919259','48.851.263-6','PA','nour@email.com'),
('1981-05-02', 'Wesley Lemes','46478486651','99.851.253-6','GO','wesleysafadao@email.com'),
('1987-06-02', 'Matilde Palos','39696754912','29.851.243-6','SP','matilde@email.com'),
('2016-07-18', 'Nalini Caeiro','79968755245','21.851.233-6','MG','nali@email.com'),
('2015-01-17', 'Deise Leal','81287822801','49.151.223-6','ES','deisei@email.com'),
('2014-09-16', 'Eliel Marcondes','49250974267','49.851.213-6','RN','eliel@email.com'),
('2013-08-15', 'Kevin Barreto','62600667663','14.851.283-9','CE','kevin@email.com'),
('2012-07-14', 'Rubim Silveira','26215406782','09.851.283-1','CE','rubim@email.com'),
('2011-05-19', 'Thiago Mangueira','11455017918','19.851.283-2','RJ','thiago@email.com'),
('1990-09-24', 'Catarina Barreira','85084225489','25.851.283-3','PI','catarina@email.com'),
('1993-09-24', 'Yuri Cabeça','74498188888','16.851.283-4','PI','yuri@email.com'),
('2007-02-03', 'Mohamed Maranhão','58131573905','91.851.283-5','RJ','mohamed@email.com'),
('1980-02-18', 'Anny Velasco','11847123512','25.151.283-6','RJ','ann@email.com'),
('1993-09-24', 'Isa Silvestre','34973975536','14.440.167-7','RN','isa@email.com'),
('1993-09-24', 'Irene Avelar','27451331973','26.440.917-6','RS','irene@email.com'),
('1993-09-24', 'Emanuelle Pinhal','89402528822','38.440.917-5','RJ','emanuele@email.com'),
('1993-09-24', 'Valéria Espinosa','11286020832','88.440.917-4','BH','valeria@email.com'),
('1993-09-24', 'Dilnura Murtinho','97679507519','98.490.917-3','BH','dilnura@email.com'),
('1993-09-24', 'Nicholas Morgado','45223812485','48.990.917-2','RJ','nicholas@email.com'),
('1993-09-24', 'Josiane Bicalho','93169022453','26.440.145-7','PE','josi@email.com'),
('1993-09-24', 'Adrián Cavaco','68963346651','41.440.917-6','RJ','adrian@email.com'),
('1993-09-24', 'Tierri Nolasco','70336122499','12.440.917-9','BH','tierre@email.com'),
('1992-09-23', 'Danilson Abelho','55398415849','68.460.917-8','RJ','denilson@email.com'),
('1970-09-14', 'Michelle Peixoto','43771509713','13.440.917-7','AC','michell@email.com'),
('1960-09-14', 'Abdoulaye Flávio','47936797100','48.250.967-6','MS','laye@email.com'),
('1975-09-14', 'Elói Gabeira','86830405913','48.440.987-5','AM','eloi123@email.com'),
('1970-09-04', 'Jerónimo Narvais','98537738412','38.440.997-4','MS','jero@email.com'),
('1974-08-04', 'Rayan Capistrano','60458821507','87.805.493-3','DF','raya@email.com'),
('2000-07-04', 'Jessie Orriça','93818718583','77.125.593-2','MS','jesss@email.com'),
('1990-06-04', 'Estefany Madruga','49948665340','77.805.293-1','MS','tefinha@email.com'),
('1970-05-04', 'Emília Trigueiro','93585850293','29.255.293-0','DF','mili@email.com'),
('1990-04-04', 'Abraão Roriz','40060603977','68.255.293-9','MS','abrao1234@email.com'),
('1980-09-24', 'Amina Cipriano','59319525959','28.805.293-9','RR','amina@email.com'),
('1969-11-24', 'Maitê Orriça','43008794332','60.815.293-9','AP','maite@email.com'),
('1978-10-24', 'Eder Serralheiro','17241037200','14.025.293-9','MS','ederr@email.com'),
('1977-02-24', 'Joyce Boto','31312235105','35.805.293-9','RR','joy@email.com'),
('1976-12-24', 'Eliana Lages','60604262705','60.015.293-9','RO','liana@email.com'),
('1975-07-24', 'Nídia Macieira','38102193461','11.631.610-5','MS','nidia@email.com'),
('1974-06-24', 'Fabiano Caminha','96093104787','11.605.610-5','PA','febia@email.com'),
('1973-05-24', 'Séfora Ornelas','87648382963','11.625.610-5','SE','sefora@email.com'),
('1998-04-08', 'Leo Urias','95335821544','11.165.610-5','GO','leourias@email.com'),
('1998-03-08', 'Olinda Amado','62702293801','16.685.610-5','MS','olinda@email.com'),
('2000-02-27', 'Samanta Valcácer','73862068761','25.685.610-5','GO','samanta@email.com'),
('2000-02-27', 'Elizabet Medina','31820000672','26.613.610-5','ES','elizabet@email.com'),
('2000-12-12', 'Bogdan Infante','74254830620','22.625.610-5','GO','bogdan@email.com'),
('2000-12-12', 'Luiz Novais','91707476617','21.145.610-5','PB','luiz@email.com'),
('2006-10-24', 'Ethan Trigueiro','98657537978','20.155.610-5','MA','ethan@email.com'),
('1991-07-24', 'Serena Alves','30230443709','19.685.610-5','BA','serena@email.com'),
('1991-07-24', 'Prince Cesário','87238787120','18.685.610-5','MT','prince@email.com'),
('2007-02-03', 'Mariano Rabelo','28084955980','17.685.610-5','SC','mariano@email.com'),
('1991-07-24', 'Valter Bilhalva','24342681937','16.685.610-5','PI','valter@email.com'),
('1980-02-18', 'Karolina Toscano','69414291176','15.685.610-5','SC','karolina@email.com'),
('1989-02-01', 'Alonso Varela','91113176586','14.685.610-5','PE','alonso@email.com'),
('2005-10-04', 'Olívia Rodovalho','59687398560','13.685.610-5','RN','oliviaro@email.com'),
('2005-10-04','Nathan Alencar','99791146500','12.685.610-5','SC','nathan@email.com');

UPDATE costumer SET special_needs = 'S' WHERE costumer.id = 5;
UPDATE costumer SET special_needs = 'S' WHERE costumer.id = 15;
UPDATE costumer SET special_needs = 'S' WHERE costumer.id = 20;
UPDATE costumer SET special_needs = 'S' WHERE costumer.id = 25;
UPDATE costumer SET special_needs = 'S' WHERE costumer.id = 30;
UPDATE costumer SET special_needs = 'S' WHERE costumer.id = 52;
UPDATE costumer SET special_needs = 'S' WHERE costumer.id = 35;
UPDATE costumer SET special_needs = 'S' WHERE costumer.id = 40;
UPDATE costumer SET special_needs = 'S' WHERE costumer.id = 41;
UPDATE costumer SET special_needs = 'S' WHERE costumer.id = 59;
UPDATE costumer SET special_needs = 'S' WHERE costumer.id = 26;


INSERT INTO contact_costumer(phone_id, costumer_id) VALUES 
(1,1),
(2,2),
(3,3),
(4,4),
(5,5),
(6,6),
(7,7),
(8,8),
(9,9),
(10,10),
(11,11),
(12,12),
(13,13),
(14,14),
(15,15),
(16,16),
(17,17),
(18,18),
(19,19),
(20,20),
(21,21),
(22,22),
(23,23),
(24,24),
(25,25),
(26,26),
(27,27),
(28,28),
(29,29),
(30,30),
(31,31),
(32,32),
(33,33),
(34,34),
(35,35),
(36,36),
(37,37),
(38,38),
(39,39),
(40,40),
(41,41),
(42,42),
(43,43),
(44,44),
(45,45),
(46,46),
(47,47),
(48,48),
(49,49),
(50,50),
(51,51),
(52,52),
(53,53),
(54,54),
(55,55),
(56,56),
(57,57),
(58,58),
(59,59),
(60,60),
(61,61),
(62,62),
(63,63),
(64,64),
(65,65),
(66,66),
(67,67),
(68,68),
(69,69),
(70,70),
(71,71),
(72,72),
(73,73),
(74,74),
(75,75),
(76,76),
(77,77),
(78,78),
(79,79),
(80,80),
(81,81),
(82,82),
(83,83),
(84,84),
(85,85),
(86,86),
(87,87),
(88,88),
(89,89),
(90,90),
(91,91),
(92,92),
(93,93),
(94,94),
(95,95),
(96,96),
(97,97),
(98,98),
(99,99),
(100,100);

INSERT INTO contact_collaborator(phone_id, collaborator_id) VALUES 
(1,1),
(2,2),
(3,3),
(4,4),
(5,5),
(6,6),
(7,7),
(8,8),
(9,9),
(10,10),
(11,11),
(12,12);

-- *****************************************************
-- *                     SET  ADDRESS 	    	       *
-- *****************************************************

INSERT INTO collaborator_address (collaborator_id, address_id) VALUES 
(1,1),
(2,2),
(3,3),
(4,4),
(5,5),
(6,6),
(7,7),
(8,8),
(9,9),
(10,10),
(11,11),
(12,12);

INSERT INTO costumer_address (costumer_id, address_id) VALUES 
(1,1),
(2,2),
(3,3),
(4,4),
(5,5),
(6,6),
(7,7),
(8,8),
(9,9),
(10,10),
(11,11),
(12,12),
(13,13),
(14,14),
(15,15),
(16,16),
(17,17),
(18,18),
(19,19),
(20,20),
(21,21),
(22,22),
(23,23),
(24,1),
(25,2),
(26,3),
(27,4),
(28,5),
(29,6),
(30,7),
(31,8),
(32,9),
(33,10),
(34,11),
(35,12),
(36,13),
(37,14),
(38,15),
(39,16),
(40,17),
(41,18),
(42,19),
(43,20),
(44,21),
(45,22),
(46,23),
(47,1),
(48,2),
(49,3),
(50,4),
(51,5),
(52,6),
(53,7),
(55,8),
(54,9),
(56,10),
(57,11),
(58,12),
(59,13),
(60,14),
(61,15),
(62,16),
(63,17),
(64,18),
(65,19),
(66,20),
(67,21),
(68,22),
(69,23),
(70,1),
(71,2),
(72,3),
(73,4),
(74,5),
(75,6),
(76,7),
(77,8),
(78,9),
(79,10),
(80,11),
(81,12),
(82,13),
(83,14),
(84,15),
(85,16),
(86,17),
(87,18),
(88,19),
(89,20),
(90,21),
(91,22),
(92,23),
(93,1),
(94,2),
(95,3),
(93,4),
(97,5),
(98,6),
(99,7),
(100,8);