USE hotel;
-- *****************************************************
-- *                    HOTEL FLOW       		       *
-- *****************************************************
INSERT INTO book_hotel (costumer_id, type_room_id,date_to_checkin, date_to_checkout) VALUES
(1,1,'2020-01-01 08:00:00','2020-01-16 08:00:00'),
(2,2,'2020-02-02 08:00:00','2020-02-18 08:00:00'),
(5,3,'2020-02-07 08:00:00','2020-03-01 08:00:00'),
(6,4,'2020-02-05 08:00:00','2020-02-15 08:00:00'),
(10,5,'2020-04-15 08:00:00','2020-04-20 08:00:00'),
(14,6,'2020-05-14 08:00:00','2020-05-25 08:00:00'),
(15,1,'2020-06-03 08:00:00','2020-06-10 08:00:00'),
(19,2,'2020-08-15 08:00:00','2020-08-25 08:00:00'),
(21,3,'2020-09-25 08:00:00','2020-10-01 08:00:00'),
(23,4,'2020-10-03 08:00:00','2020-10-15 08:00:00'),
(24,5,'2020-11-15 08:00:00','2020-11-30 08:00:00'),
(25,6,'2020-12-01 08:00:00','2020-12-09 08:00:00'),
(28,1,'2021-07-01 08:00:00','2021-07-15 08:00:00'),
(29,2,'2021-02-02 08:00:00','2021-02-10 08:00:00'),
(30,3,'2021-03-04 08:00:00','2021-03-10 08:00:00'),
(31,4,'2021-09-07 08:00:00','2021-09-25 08:00:00'),
(32,5,'2021-10-29 08:00:00','2021-11-07 08:00:00'),
(33,6,'2021-11-05 08:00:00','2021-11-10 08:00:00'),
(34,1,'2021-12-09 08:00:00','2022-01-13 08:00:00'),
(35,2,'2022-01-01 08:00:00','2022-01-17 08:00:00'),
(36,3,'2022-02-27 08:00:00','2022-03-14 08:00:00'),
(40,4,'2022-03-03 08:00:00','2022-03-05 08:00:00'),
(41,5,'2022-04-04 08:00:00','2022-04-14 08:00:00'),
(42,6,'2022-05-25 08:00:00','2022-06-03 08:00:00'),
(43,1,'2021-11-12 08:00:00','2021-11-23 08:00:00'),
(45,2,'2021-08-09 08:00:00','2021-08-14 08:00:00'),
(46,3,'2021-02-01 08:00:00','2021-02-09 08:00:00'),
(47,4,'2021-09-07 08:00:00','2021-09-13 08:00:00'),
(48,5,'2021-12-06 08:00:00','2021-12-15 08:00:00'),
(55,6,'2021-11-01 08:00:00','2021-11-10 08:00:00'),
(60,1,'2020-01-07 08:00:00','2020-01-20 08:00:00');

INSERT INTO accommodation (id, room_id, check_in, check_out) VALUES
(1,1,'2020-01-01 08:00:00','2020-01-16 08:00:00'),
(2,2,'2020-02-02 08:00:00','2020-02-18 08:00:00'),
(3,3,'2020-02-07 08:00:00','2020-03-01 08:00:00'),
(4,4,'2020-02-05 08:00:00','2020-02-15 08:00:00'),
(5,5,'2020-04-15 08:00:00','2020-04-20 08:00:00'),
(6,6,'2020-05-14 08:00:00','2020-05-25 08:00:00'),
(7,7,'2020-06-03 08:00:00','2020-06-10 08:00:00'),
(8,8,'2020-08-15 08:00:00','2020-08-25 08:00:00'),
(9,9,'2020-09-25 08:00:00','2020-10-01 08:00:00'),
(10,10,'2020-10-03 08:00:00','2020-10-15 08:00:00'),
(11,11,'2020-11-15 08:00:00','2020-11-30 08:00:00'),
(12,12,'2020-12-01 08:00:00','2020-12-09 08:00:00'),
(13,13,'2021-07-01 08:00:00','2021-07-15 08:00:00'),
(14,17,'2021-02-02 08:00:00','2021-02-10 08:00:00'),
(15,18,'2021-03-04 08:00:00','2021-03-10 08:00:00'),
(16,19,'2021-09-07 08:00:00','2021-09-25 08:00:00'),
(17,15,'2021-10-29 08:00:00','2021-11-07 08:00:00'),
(18,16,'2021-11-05 08:00:00','2021-11-10 08:00:00'),
(19,13,'2021-12-09 08:00:00','2022-01-13 08:00:00'),
(20,17,'2022-01-01 08:00:00','2022-01-17 08:00:00'),
(21,18,'2022-02-27 08:00:00','2022-03-14 08:00:00'),
(22,19,'2022-03-03 08:00:00','2022-03-05 08:00:00'),
(23,20,'2022-04-04 08:00:00','2022-04-14 08:00:00'),
(24,21,'2022-05-25 08:00:00','2022-06-03 08:00:00'),
(25,1,'2021-11-12 08:00:00','2021-11-23 08:00:00'),
(26,2,'2021-08-09 08:00:00','2021-08-14 08:00:00'),
(27,3,'2021-02-01 08:00:00','2021-02-09 08:00:00'),
(28,4,'2021-09-07 08:00:00','2021-09-13 08:00:00'),
(29,5,'2021-12-06 08:00:00','2021-12-15 08:00:00'),
(30,6,'2021-11-01 08:00:00','2021-11-10 08:00:00'),
(31,7,'2020-01-07 08:00:00','2020-01-20 08:00:00');
;


INSERT INTO costumer_to_accommodation (book_hotel_id, accommodation_id, costumer_id) VALUES
(1,1,1),
(1,1,45),
(2,2,2),
(2,2,71),
(3,3,5),
(3,3,96),
(3,3,99),
(4,4,6),
(4,4,50),
(4,4,51),
(5,5,10),
(5,5,52),
(5,5,53),
(5,5,54),
(6,6,14),
(7,7,15),
(7,7,55),
(8,8,19),
(8,8,45),
(9,9,21),
(9,9,57),
(9,9,58),
(10,10,23),
(10,10,59),
(10,10,60),
(11,11,24),
(11,11,25),
(11,11,26),
(11,11,27),
(12,12,25),
(13,13,28)
,(13,13,45)
,(14,14,29)
,(14,14,100)
,(15,15,30)
,(15,15,99)
,(15,15,98)
,(16,16,31)
,(16,16,55)
,(16,16,56)
,(17,17,32)
,(17,17,33)
,(17,17,34)
,(17,17,35)
,(18,18,33)
,(19,19,34)
,(19,19,70)
,(20,20,35)
,(20,20,72)
,(21,1,36)
,(21,1,97)
,(21,1,96)
,(22,22,40)
,(22,22,95)
,(22,22,94)
,(23,23,41)
,(23,23,93)
,(23,23,92)
,(23,23,91)
,(24,24,42)
,(25,25,43)
,(25,25,80)
,(26,26,45)
,(26,26,79)
,(27,27,46)
,(27,27,69)
,(28,28,47)
,(28,28,68)
,(28,28,67)
,(29,29,48)
,(29,29,03)
,(29,29,04)
,(30,30,55)
,(30,30,7)
,(30,30,8)
,(31,31,60)
;

-- *****************************************************
-- *            RESTAURANT & LAUNDRY FLOW              *
-- *****************************************************

INSERT INTO service_restaurant (service_order_id, menu_id, qty, date) VALUES --
(1,1,5,'2020-01-02 13:00:00'),
(1,2,3,'2020-01-03 14:00:00'),
(1,3,2,'2020-01-06 19:00:00'),
(1,4,1,'2020-01-10 21:00:00'),
(1,5,1,'2020-01-11 15:00:00'),
(1,6,4,'2020-01-12 14:15:00'),
(1,7,2,'2020-01-14 11:00:00'),
(2,32,1,'2020-02-10 22:00:00'),
(2,14,1,'2020-02-11 19:55:00'),
(2,5,2,'2020-02-12 21:00:00'),
(2,9,1,'2020-02-17 13:00:00'),
(3,5,2,'2020-02-10 19:00:00'),
(3,4,1,'2020-02-11 21:00:00'),
(3,2,6,'2020-02-16 14:00:00'),
(3,28,4,'2020-02-07 16:00:00'),
(3,14,2,'2020-02-07 10:00:00'),
(3,33,9,'2020-02-07 19:00:00'),
(4,14,1,'2020-02-14 16:00:00'),
(4,26,1,'2020-02-14 21:00:00'),
(5,1,4,'2020-04-17 08:00:00'),
(6,29,2,'2020-05-19 08:00:00'),
(7,1,3,'2020-06-07 08:00:00'),
(8,30,1,'2020-08-17 22:00:00'),
(9,3,2,'2020-09-26 08:00:00'),
(10,11,2,'2020-10-04 16:00:00'),
(11,2,4,'2020-11-16 08:00:00'),
(12,16,3,'2020-12-05 21:00:00'),
(13,25,3,'2021-07-14 11:00:00'),
(14,30,2,'2021-02-08 08:00:00'),
(20,8,3,'2022-01-15 14:00:00'),
(21,3,4,'2022-02-28 08:00:00'),
(25,12,3,'2021-11-21 23:00:00'),
(26,4,3,'2021-08-09 08:00:00'),
(27,23,2,'2021-02-05 16:00:00'),
(28,34,3,'2021-09-10 22:00:00'),
(29,25,4,'2021-12-15 14:35:00'),
(30,19,1,'2021-11-02 10:00:00'),
(31,25,4,'2020-01-18 21:00:00')
;
INSERT INTO service_laundry ( service_order_id, laundry_id, qty, date) VALUES 
(30,4,5,'2021-11-09 09:00:00'),
(30,12,4,'2021-11-09 08:00:00'),
(29,14,2,'2021-12-10 11:00:00'),
(29,12,2,'2021-12-10 10:00:00'),
(28,12,1,'2021-09-09 08:45:00'),
(27,13,1,'2021-02-06 08:30:00'),
(26,6,2,'2021-08-010 09:00:00'),
(25,7,3,'2021-11-16 09:00:00'),
(24,8,4,'2022-06-01 09:00:00'),
(23,9,5,'2022-04-10 08:40:00'),
(22,10,6,'2022-03-04 09:00:00'),
(21,11,1,'2022-02-28 11:00:00'),
(19,12,6,'2021-12-12 12:00:00'),
(17,13,7,'2021-11-01 08:00:00'),
(15,14,2,'2021-03-05 10:00:00'),
(10,14,4,'2020-10-07 08:30:00'),
(9,16,6,'2020-09-26 9:00:00'),
(9,17,7,'2020-09-26 08:00:00'),
(8,18,5,'2020-08-16 10:00:00'),
(8,19,2,'2020-08-18 10:00:00'),
(5,20,1,'2020-04-18 08:00:00'),
(2,21,6,'2020-02-10 09:00:00'),
(1,1,2,'2020-01-10 08:00:00'),
(1,12,2,'2020-01-11 10:00:00'),
(1,14,1,'2020-01-12 09:00:00');

-- *****************************************************
-- *            	     EXPENSES                      *
-- *****************************************************

INSERT INTO control (type, value, date, description) VALUES 
(1,1200.00,'2021-01-01','Conta de água'),
(2,900.00,'2021-01-05','Compras restaurante'),
(3,700.00,'2021-01-05','Luz'),
(6,250.00,'2021-01-05','Internet e telefone'),
(5,1250.00,'2021-01-05','Produtos Lavanderia'),
(1,1000.00,'2021-01-02','Conta de água'),
(2,790.00,'2021-02-05','Compras restaurante'),
(3,450.00,'2021-02-05','Luz'),
(6,250.00,'2021-02-05','Internet e telefone'),
(7,1250.00,'2021-02-15','Trocar pia banheiro quarto 12'),
(1,1123.00,'2021-03-01','Conta de água'),
(2,800.00,'2021-03-05','Compras restaurante'),
(3,650.00,'2021-03-05','Luz'),
(6,250.00,'2021-03-05','Internet e telefone'),
(5,985.00,'2021-03-05','Produtos Lavanderia'),
(1,1698.00,'2021-04-01','Conta de água'),
(2,1100.00,'2021-04-05','Compras restaurante'),
(3,600.00,'2021-04-05','Luz'),
(6,250.00,'2021-04-05','Internet e telefone'),
(4,1600.00,'2021-04-25','Mesa'),
(1,799.00,'2021-05-01','Conta de água'),
(2,898.00,'2021-05-05','Compras restaurante'),
(3,898.00,'2021-05-05','Luz'),
(6,250.00,'2021-05-05','Internet e telefone'),
(1,680.00,'2021-06-01','Conta de água'),
(2,860.00,'2021-06-05','Compras restaurante'),
(3,680.00,'2021-06-05','Luz'),
(6,250.00,'2021-06-05','Internet e telefone'),
(5,1150.00,'2021-06-05','Produtos Lavanderia'),
(1,1120.00,'2021-07-01','Conta de água'),
(2,980.00,'2021-07-07','Compras restaurante'),
(3,590.00,'2021-07-07','Luz'),
(6,250.00,'2021-07-07','Internet e telefone'),
(5,850.00,'2021-07-18','Produtos Lavanderia'),
(1,1230.00,'2021-08-01','Conta de água'),
(2,987.00,'2021-08-05','Compras restaurante'),
(3,685.00,'2021-08-05','Luz'),
(6,250.00,'2021-08-05','Internet e telefone'),
(6,1250.00,'2021-01-05','Produtos Lavanderia'),
(1,1206.00,'2021-09-01','Conta de água'),
(2,900.00,'2021-09-05','Compras restaurante'),
(3,700.00,'2021-09-05','Luz'),
(6,250.00,'2021-09-05','Internet e telefone'),
(5,120.00,'2021-09-05','Produtos Lavanderia'),
(1,1200.00,'2021-01-01','Conta de água'),
(2,690.00,'2021-10-05','Compras restaurante'),
(3,755.00,'2021-10-05','Luz'),
(6,250.00,'2021-10-05','Internet e telefone'),
(1,1400.00,'2021-11-01','Conta de água'),
(2,923.00,'2021-11-05','Compras restaurante'),
(3,860.00,'2021-11-05','Luz'),
(6,250.00,'2021-11-05','Internet e telefone'),
(1,1500.00,'2021-12-01','Conta de água'),
(2,1250.00,'2021-12-05','Compras restaurante'),
(3,1252.00,'2021-12-05','Luz'),
(6,250.00,'2021-12-05','Internet e telefone'),
(5,1350.00,'2021-12-05','Produtos Lavanderia'),
(1,1540.00,'2022-01-01','Conta de água'),
(2,1265.00,'2022-01-05','Compras restaurante'),
(3,709.00,'2022-01-05','Luz'),
(6,250.00,'2022-01-05','Internet e telefone'),
(1,1125.00,'2022-02-01','Conta de água'),
(2,987.00,'2022-02-05','Compras restaurante'),
(3,856.00,'2022-02-05','Luz'),
(6,250.00,'2022-02-05','Internet e telefone'),
(5,785.00,'2022-02-05','Produtos Lavanderia'),
(1,1269.00,'2022-03-01','Conta de água'),
(2,1055.00,'2022-03-05','Compras restaurante'),
(3,955.00,'2022-03-02','Luz'),
(6,250.00,'2022-03-02','Internet e telefone'),
(5,155.00,'2022-03-05','Produtos Lavanderia'),
(1,1146.00,'2022-04-01','Conta de água'),
(2,560.00,'2022-04-05','Compras restaurante'),
(3,660.00,'2022-04-05','Luz'),
(6,250.00,'2022-04-05','Internet e telefone'),
(1,1200.00,'2022-05-01','Conta de água'),
(2,1560.00,'2022-05-05','Compras restaurante'),
(3,560.00,'2022-05-05','Luz'),
(6,250.00,'2022-05-05','Internet e telefone'),
(5,798.00,'2022-05-05','Produtos Lavanderia'),
(1,1600.00,'2022-06-01','Conta de água'),
(2,1254.00,'2022-06-05','Compras restaurante'),
(3,658.00,'2022-06-05','Luz'),
(6,250.00,'2022-06-05','Internet e telefone'),
(5,180.00,'2022-06-05','Produtos Lavanderia'),
(1,1050.00,'2022-07-01','Conta de água'),
(2,950.00,'2022-07-05','Compras restaurante'),
(3,660.00,'2022-07-05','Luz'),
(6,250.00,'2022-07-05','Internet e telefone');

-- *****************************************************
-- *            	     PAYMENT                       *
-- *****************************************************

INSERT INTO payment (type_id,value, description,date) VALUES 
(1,1183.00,'30% Valor da estadia','2020-03-01 08:00:00'),
(2,1262.00,'30% do Valor da estadia','2020-02-18 08:00:00'),
(3,2366.7,'30% Valor da Estadia','2020-03-01 08:00:00'),
(4,1029.00,'30% da Estadia','2020-02-15 08:00:00'),
(5,613.00,'30% da Estadia','2020-04-20 08:00:00'),
(1,495.00,'30% Valor da Estadia','2020-05-25 08:00:00'),
(1,552.30,'30% Valor da Entrada','2020-06-10 08:00:00'),
(2,789.00,'30% Entrada da Reserva','2020-08-25 08:00:00'),
(3,617.40,'30% Entrada','2020-10-01 08:00:00'),
(4,1234.80,'30% Valor da Entrada','2020-10-15 08:00:00'),
(5,1840.50,'Valor Entrada','2020-11-30 08:00:00'),
(1,360,'Valor Entrada','2020-12-09 08:00:00'),
(2,1104.6,'Valor Entrada','2020-12-09 08:00:00'),
(3,631.20,'Valor Entrada','2021-02-10 08:00:00'),
(4,617.00,'Valor Entrada','2021-03-10 08:00:00'),
(5,1852.2,'Valor Entrada','2021-09-25 08:00:00'),
(1,1104.30,'Valor Entrada','2021-11-07 08:00:00'),
(2,225.00,'Valor Entrada','2021-11-10 08:00:00'),
(3,2761.50,'Valor Entrada','2022-01-13 08:00:00'),
(4,1262.40,'Valor Entrada','2022-01-17 08:00:00'),
(5,1543.00,'Valor Entrada','2022-03-14 08:00:00'),
(1,205.80,'Valor Entrada','2022-03-05 08:00:00'),
(2,1227.00,'Valor Entrada','2022-04-14 08:00:00'),
(3,405.00,'Valor Entrada','2022-06-03 08:00:00'),
(4,867.90,'Valor Entrada','2022-06-03 08:00:00'),
(5,394.50,'Valor Entrada','2021-11-23 08:00:00'),
(1,823.00,'Valor Entrada','2021-08-14 08:00:00'),
(2,617.40,'Valor Entrada','2021-09-13 08:00:00'),
(3,1104.30,'Valor Entrada','2021-12-15 08:00:00'),
(4,405.00,'Valor Entrada','2021-11-10 08:00:00'),
(5,1025.70,'Valor Entrada','2020-01-20 08:00:00');

INSERT INTO report_payment (payment_id, book_hotel_id) VALUES
(1,1),
(2,2),
(3,3),
(4,4),
(5,5),
(6,6),
(7,7),
(8,8),
(9,9),
(10,10),
(11,11),
(12,12),
(13,13),
(14,14),
(15,15),
(16,16),
(17,17),
(18,18),
(19,19),
(20,20),
(21,21),
(22,22),
(23,23),
(24,24),
(25,25),
(26,26),
(27,27),
(28,28),
(29,29),
(30,30),
(31,31)
;

INSERT INTO payment (type_id,value, description,date) VALUES 
(5,2920.00,'Valor total','2020-01-16 08:00:00'),
(4,3165,'Valor total','2020-02-18 08:00:00'),
(1,2920.00,'Valor total','2020-01-16 08:00:00'),
(1,2920.00,'Valor total','2020-01-16 08:00:00'),
(1,2920.00,'Valor total','2020-01-16 08:00:00'),
(1,2920.00,'Valor total','2020-01-16 08:00:00'),
(1,2920.00,'Valor total','2020-01-16 08:00:00'),
(1,2920.00,'Valor total','2020-01-16 08:00:00'),
(1,2920.00,'Valor total','2020-01-16 08:00:00'),
(1,2920.00,'Valor total','2020-01-16 08:00:00'),
(1,2920.00,'Valor total','2020-01-16 08:00:00'),
(1,2920.00,'Valor total','2020-01-16 08:00:00'),
(1,2920.00,'Valor total','2020-01-16 08:00:00'),
(1,2920.00,'Valor total','2020-01-16 08:00:00'),
(1,2920.00,'Valor total','2020-01-16 08:00:00'),
(1,2920.00,'Valor total','2020-01-16 08:00:00'),
(1,2920.00,'Valor total','2020-01-16 08:00:00'),
(1,2920.00,'Valor total','2020-01-16 08:00:00'),
(1,2920.00,'Valor total','2020-01-16 08:00:00'),
(1,2920.00,'Valor total','2020-01-16 08:00:00'),
(1,2920.00,'Valor total','2020-01-16 08:00:00'),
(1,2920.00,'Valor total','2020-01-16 08:00:00'),
(1,2920.00,'Valor total','2020-01-16 08:00:00'),
(1,2920.00,'Valor total','2020-01-16 08:00:00'),
(1,2920.00,'Valor total','2020-01-16 08:00:00'),
(1,2920.00,'Valor total','2020-01-16 08:00:00'),
(1,2920.00,'Valor total','2020-01-16 08:00:00'),
(1,2920.00,'Valor total','2020-01-16 08:00:00'),
(1,2920.00,'Valor total','2020-01-16 08:00:00');



INSERT INTO payment (type_id,value, description,date) VALUES 
(1,2920.00,'Valor total','2020-01-16 08:00:00'),
(5,3165.00,'Valor total','2020-02-18 08:00:00'),
(4,5710.00,'Valor total','2020-03-01 08:00:00'),
(3,2419.00,'Valor total','2020-02-15 08:00:00'),
(2,2920.00,'Valor total','2020-04-20 08:00:00'),
(1,1195.00,'Valor total','2020-05-25 08:00:00'),
(5,1291.00,'Valor total','2020-06-10 08:00:00'),
(4,2025.00,'Valor total','2020-08-25 08:00:00'),
(3,1854.60,'Valor total','2020-10-01 08:00:00'),
(2,3026.00,'Valor total','2020-10-15 08:00:00'),
(1,4296.90,'Valor total','2020-11-30 08:00:00'),
(3,876.00,'Valor total','2020-12-09 08:00:00'),
(5,2589.40,'Valor total','2021-07-15 08:00:00'),
(4,1508.80,'Valor total','2021-02-10 08:00:00'),
(3,1504.60,'Valor total','2021-03-10 08:00:00'),
(2,4321.80,'Valor total','2021-09-25 08:00:00'),
(1,2625.70,'Valor total','2021-11-07 08:00:00'),
(5,525.00,'Valor total','2021-11-10 08:00:00'),
(4,6479.50,'Valor total','2022-01-13 08:00:00'),
(3,2960.00,'Valor total','2022-01-17 08:00:00'),
(2,2414.50,'Valor total','2022-03-14 08:00:00'),
(1,534.20,'Valor total','2022-03-05 08:00:00'),
(4,2925.50,'Valor total','2022-04-14 08:00:00'),
(5,1009.00,'Valor total','2022-06-03 08:00:00'),
(3,2077.60,'Valor total','2021-11-23 08:00:00'),
(2,973.00,'Valor total','2020-01-16 08:00:00'),
(1,1934.80,'Valor total','2020-01-16 08:00:00'),
(5,1491.60,'Valor total','2020-01-16 08:00:00'),
(4,2674.70,'Valor total','2020-01-16 08:00:00'),
(3,2674.70,'Valor total','2020-01-16 08:00:00'),
(2,2409.30,'Valor total','2020-01-16 08:00:00');

INSERT INTO report_payment (payment_id, book_hotel_id) VALUES
(32,1),
(33,2),
(34,3),
(35,4),
(36,5),
(37,6),
(37,7),
(38,8),
(39,9),
(40,10),
(41,11),
(42,12),
(43,13),
(44,14),
(45,15),
(46,16),
(47,17),
(48,18),
(49,19),
(50,20),
(51,21),
(52,22),
(53,23),
(54,24),
(55,25),
(66,26),
(57,27),
(58,28),
(59,29),
(60,30),
(61,31)
;

INSERT INTO report_payment (payment_id, book_hotel_id) VALUES
 (32,1),
 (33,2),
 (34,3),
 (35,4),
 (36,5),
 (37,6),
 (38,7),
 (39,8),
 (40,9),
 (41,10),
 (42,11),
 (43,12),
 (44,13),
 (45,14),
 (46,15),
 (47,16),
 (48,17),
 (49,18),
 (50,19),
 (51,20),
 (52,21),
 (53,22),
 (54,23),
 (55,24),
 (56,25),
 (57,26),
 (58,27),
 (59,28),
 (60,29),
 (61,30),
 (62,31);